{
    "total_runtime": 1.5664246082305908,
    "num_documents": 1,
    "input_load_time": 0,
    "workflows": {
        "create_base_text_units": {
            "overall": 1.0219700336456299,
            "0_orderby": 0.009380578994750977,
            "1_zip": 0.007883548736572266,
            "2_aggregate_override": 0.013692140579223633,
            "3_chunk": 0.9138901233673096,
            "4_select": 0.006632566452026367,
            "5_unroll": 0.008608102798461914,
            "6_rename": 0.006560087203979492,
            "7_genid": 0.010521888732910156,
            "8_unzip": 0.008426904678344727,
            "9_copy": 0.007500171661376953,
            "10_filter": 0.022080659866333008
        }
    }
}