{
    "total_runtime": 1.694237470626831,
    "num_documents": 1,
    "input_load_time": 0,
    "workflows": {
        "create_base_text_units": {
            "overall": 1.255582332611084,
            "0_orderby": 0.004544496536254883,
            "1_zip": 0.004930019378662109,
            "2_aggregate_override": 0.008769989013671875,
            "3_chunk": 1.140857219696045,
            "4_select": 0.006913900375366211,
            "5_unroll": 0.0168459415435791,
            "6_rename": 0.009172201156616211,
            "7_genid": 0.00815582275390625,
            "8_unzip": 0.008299112319946289,
            "9_copy": 0.0074329376220703125,
            "10_filter": 0.035898685455322266
        }
    }
}