{
    "total_runtime": 1.7604966163635254,
    "num_documents": 454,
    "input_load_time": 0,
    "workflows": {
        "create_base_text_units": {
            "overall": 1.4148962497711182,
            "0_orderby": 0.003976345062255859,
            "1_zip": 0.0043680667877197266,
            "2_aggregate_override": 0.014794349670410156,
            "3_chunk": 1.2934367656707764,
            "4_select": 0.005322456359863281,
            "5_unroll": 0.007360219955444336,
            "6_rename": 0.005261898040771484,
            "7_genid": 0.022351980209350586,
            "8_unzip": 0.006918430328369141,
            "9_copy": 0.006311178207397461,
            "10_filter": 0.04152417182922363
        }
    }
}