{
    "total_runtime": 1524.193553686142,
    "num_documents": 454,
    "input_load_time": 0,
    "workflows": {
        "create_base_text_units": {
            "overall": 1.6055679321289062,
            "0_orderby": 0.0068721771240234375,
            "1_zip": 0.016178369522094727,
            "2_aggregate_override": 0.02198648452758789,
            "3_chunk": 1.4665372371673584,
            "4_select": 0.010210037231445312,
            "5_unroll": 0.007737874984741211,
            "6_rename": 0.005499839782714844,
            "7_genid": 0.022194385528564453,
            "8_unzip": 0.0073316097259521484,
            "9_copy": 0.006102085113525391,
            "10_filter": 0.030126333236694336
        },
        "create_base_extracted_entities": {
            "overall": 1521.7377042770386,
            "0_entity_extract": 1521.0153324604034,
            "1_snapshot": 0.08589673042297363,
            "2_merge_graphs": 0.6126654148101807,
            "3_snapshot_rows": 0.01617741584777832
        }
    }
}