{
    "total_runtime": 1713.6579875946045,
    "num_documents": 454,
    "input_load_time": 0,
    "workflows": {
        "create_base_text_units": {
            "overall": 1.6444103717803955,
            "0_orderby": 0.005782365798950195,
            "1_zip": 0.006227970123291016,
            "2_aggregate_override": 0.020462512969970703,
            "3_chunk": 1.4874169826507568,
            "4_select": 0.007111549377441406,
            "5_unroll": 0.009306192398071289,
            "6_rename": 0.00780487060546875,
            "7_genid": 0.03406715393066406,
            "8_unzip": 0.011195898056030273,
            "9_copy": 0.008407354354858398,
            "10_filter": 0.04200577735900879
        },
        "create_base_extracted_entities": {
            "overall": 2.8015944957733154,
            "0_entity_extract": 2.1010584831237793,
            "1_snapshot": 0.09882044792175293,
            "2_merge_graphs": 0.5766427516937256,
            "3_snapshot_rows": 0.014919042587280273
        },
        "create_summarized_entities": {
            "overall": 1.618654727935791,
            "0_summarize_descriptions": 1.5940308570861816,
            "1_snapshot_rows": 0.01221776008605957
        },
        "create_base_entity_graph": {
            "overall": 0.6241588592529297,
            "0_cluster_graph": 0.5710048675537109,
            "1_snapshot_rows": 0.01826000213623047,
            "2_snapshot_rows": 0.014537811279296875,
            "3_select": 0.011018753051757812
        },
        "create_final_entities": {
            "overall": 1.7247860431671143,
            "0_unpack_graph": 0.19861483573913574,
            "1_rename": 0.011835098266601562,
            "2_select": 0.013211965560913086,
            "3_dedupe": 0.017149925231933594,
            "4_rename": 0.011859893798828125,
            "5_filter": 0.04994368553161621,
            "6_text_split": 0.03516125679016113,
            "7_drop": 0.013666629791259766,
            "8_merge": 0.43631553649902344,
            "9_text_embed": 0.8428659439086914,
            "10_drop": 0.029715538024902344,
            "11_filter": 0.05409717559814453
        },
        "create_final_nodes": {
            "overall": 2.460137367248535,
            "0_layout_graph": 1.223797082901001,
            "1_unpack_graph": 0.6281006336212158,
            "2_unpack_graph": 0.2882106304168701,
            "3_drop": 0.01699686050415039,
            "4_filter": 0.12369847297668457,
            "5_select": 0.016267776489257812,
            "6_snapshot": 0.02200460433959961,
            "7_rename": 0.01679849624633789,
            "8_convert": 0.05555534362792969,
            "9_join": 0.03004765510559082,
            "10_rename": 0.02396082878112793
        },
        "create_final_communities": {
            "overall": 1.6900689601898193,
            "0_unpack_graph": 0.29957008361816406,
            "1_unpack_graph": 0.6051511764526367,
            "2_aggregate_override": 0.02332305908203125,
            "3_join": 0.0349116325378418,
            "4_join": 0.03665733337402344,
            "5_concat": 0.02080678939819336,
            "6_filter": 0.40180039405822754,
            "7_aggregate_override": 0.039270639419555664,
            "8_join": 0.03281354904174805,
            "9_filter": 0.04829573631286621,
            "10_fill": 0.021753787994384766,
            "11_merge": 0.059242963790893555,
            "12_copy": 0.022113323211669922,
            "13_select": 0.02479720115661621
        },
        "join_text_units_to_entity_ids": {
            "overall": 0.1593761444091797,
            "0_select": 0.023126840591430664,
            "1_unroll": 0.02815985679626465,
            "2_aggregate_override": 0.08462262153625488
        },
        "create_final_relationships": {
            "overall": 1.2656974792480469,
            "0_unpack_graph": 0.4807164669036865,
            "1_filter": 0.3038907051086426,
            "2_rename": 0.03903627395629883,
            "3_filter": 0.19600415229797363,
            "4_drop": 0.03874802589416504,
            "5_compute_edge_combined_degree": 0.049533843994140625,
            "6_convert": 0.09131479263305664,
            "7_convert": 0.041544198989868164
        },
        "join_text_units_to_relationship_ids": {
            "overall": 0.28716158866882324,
            "0_select": 0.04213666915893555,
            "1_unroll": 0.05054450035095215,
            "2_aggregate_override": 0.08073759078979492,
            "3_select": 0.05825161933898926
        },
        "create_final_community_reports": {
            "overall": 1691.452864408493,
            "0_prepare_community_reports_nodes": 0.1847248077392578,
            "1_prepare_community_reports_edges": 0.17163801193237305,
            "2_restore_community_hierarchy": 0.0693361759185791,
            "3_prepare_community_reports": 1.066089391708374,
            "4_create_community_reports": 1689.8443984985352,
            "5_window": 0.0673978328704834
        },
        "create_final_text_units": {
            "overall": 0.2853975296020508,
            "0_select": 0.031891584396362305,
            "1_rename": 0.033904075622558594,
            "2_join": 0.05009126663208008,
            "3_join": 0.04386305809020996,
            "4_aggregate_override": 0.04244089126586914,
            "5_select": 0.05104351043701172
        },
        "create_base_documents": {
            "overall": 0.5259506702423096,
            "0_unroll": 0.037900686264038086,
            "1_select": 0.03423142433166504,
            "2_rename": 0.03637361526489258,
            "3_join": 0.04147672653198242,
            "4_aggregate_override": 0.0493619441986084,
            "5_join": 0.0841667652130127,
            "6_rename": 0.039699554443359375,
            "7_convert": 0.16860747337341309
        },
        "create_final_documents": {
            "overall": 0.08217883110046387,
            "0_rename": 0.03901362419128418
        }
    }
}