{
    "total_runtime": 69.93767428398132,
    "num_documents": 1,
    "input_load_time": 0,
    "workflows": {
        "create_base_text_units": {
            "overall": 0.5260021686553955,
            "0_orderby": 0.003437519073486328,
            "1_zip": 0.004404544830322266,
            "2_aggregate_override": 0.007816553115844727,
            "3_chunk": 0.4113171100616455,
            "4_select": 0.008426189422607422,
            "5_unroll": 0.011462211608886719,
            "6_rename": 0.008316993713378906,
            "7_genid": 0.011934518814086914,
            "8_unzip": 0.012311458587646484,
            "9_copy": 0.01081228256225586,
            "10_filter": 0.031010866165161133
        },
        "create_base_extracted_entities": {
            "overall": 68.11581897735596,
            "0_entity_extract": 68.06733322143555,
            "1_snapshot": 0.008900642395019531,
            "2_merge_graphs": 0.014278650283813477,
            "3_snapshot_rows": 0.009620189666748047
        },
        "create_summarized_entities": {
            "overall": 0.030108928680419922,
            "0_summarize_descriptions": 0.010765790939331055,
            "1_snapshot_rows": 0.009697914123535156
        }
    }
}