{
    "total_runtime": 199.7584822177887,
    "num_documents": 454,
    "input_load_time": 0,
    "workflows": {
        "create_base_text_units": {
            "overall": 3.753657341003418,
            "0_orderby": 0.007941961288452148,
            "1_zip": 0.011344671249389648,
            "2_aggregate_override": 0.026439189910888672,
            "3_chunk": 3.6032183170318604,
            "4_select": 0.008108377456665039,
            "5_unroll": 0.01448965072631836,
            "6_rename": 0.005950927734375,
            "7_genid": 0.023737192153930664,
            "8_unzip": 0.006965160369873047,
            "9_copy": 0.006287097930908203,
            "10_filter": 0.03484082221984863
        },
        "create_base_extracted_entities": {
            "overall": 2.1914992332458496,
            "0_entity_extract": 1.7534987926483154,
            "1_snapshot": 0.05848526954650879,
            "2_merge_graphs": 0.36077165603637695,
            "3_snapshot_rows": 0.011198997497558594
        },
        "create_summarized_entities": {
            "overall": 35.585066080093384,
            "0_summarize_descriptions": 35.55947756767273,
            "1_snapshot_rows": 0.017049551010131836
        },
        "create_base_entity_graph": {
            "overall": 1.1866204738616943,
            "0_cluster_graph": 1.083601713180542,
            "1_snapshot_rows": 0.02686023712158203,
            "2_snapshot_rows": 0.02459883689880371,
            "3_select": 0.03638315200805664
        },
        "create_final_entities": {
            "overall": 142.6711277961731,
            "0_unpack_graph": 0.420989990234375,
            "1_rename": 0.014885902404785156,
            "2_select": 0.014822006225585938,
            "3_dedupe": 0.018492460250854492,
            "4_rename": 0.014361381530761719,
            "5_filter": 0.05965161323547363,
            "6_text_split": 0.03900599479675293,
            "7_drop": 0.013746261596679688,
            "8_merge": 0.45368242263793945,
            "9_text_embed": 141.49083614349365,
            "10_drop": 0.02271437644958496,
            "11_filter": 0.08577513694763184
        },
        "create_final_nodes": {
            "overall": 4.090625286102295,
            "0_layout_graph": 2.109544038772583,
            "1_unpack_graph": 0.9476382732391357,
            "2_unpack_graph": 0.5355288982391357,
            "3_filter": 0.17101216316223145,
            "4_drop": 0.03633832931518555,
            "5_select": 0.027766704559326172,
            "6_snapshot": 0.03241682052612305,
            "7_rename": 0.02934861183166504,
            "8_convert": 0.09360361099243164,
            "9_join": 0.0514836311340332,
            "10_rename": 0.031100749969482422
        },
        "create_final_communities": {
            "overall": 3.0429062843322754,
            "0_unpack_graph": 0.4718203544616699,
            "1_unpack_graph": 0.43210315704345703,
            "2_aggregate_override": 0.04364156723022461,
            "3_join": 0.15677714347839355,
            "4_join": 0.5714881420135498,
            "5_concat": 0.0423731803894043,
            "6_filter": 0.8869502544403076,
            "7_aggregate_override": 0.06934213638305664,
            "8_join": 0.048401594161987305,
            "9_filter": 0.0840919017791748,
            "10_fill": 0.03824114799499512,
            "11_merge": 0.0853433609008789,
            "12_copy": 0.04058575630187988,
            "13_select": 0.03912043571472168
        },
        "join_text_units_to_entity_ids": {
            "overall": 0.30780553817749023,
            "0_select": 0.042868614196777344,
            "1_unroll": 0.04935503005981445,
            "2_aggregate_override": 0.1753981113433838
        },
        "create_final_relationships": {
            "overall": 0.9864645004272461,
            "0_unpack_graph": 0.4641838073730469,
            "1_filter": 0.17441058158874512,
            "2_rename": 0.02750253677368164,
            "3_filter": 0.09510540962219238,
            "4_drop": 0.0283052921295166,
            "5_compute_edge_combined_degree": 0.03973555564880371,
            "6_convert": 0.06037259101867676,
            "7_convert": 0.04866290092468262
        },
        "join_text_units_to_relationship_ids": {
            "overall": 0.1838231086730957,
            "0_select": 0.029387950897216797,
            "1_unroll": 0.03341245651245117,
            "2_aggregate_override": 0.046892642974853516,
            "3_select": 0.0296478271484375
        }
    }
}