{
    "total_runtime": 2.158531665802002,
    "num_documents": 454,
    "input_load_time": 0,
    "workflows": {
        "create_base_text_units": {
            "overall": 1.7450461387634277,
            "0_orderby": 0.005313396453857422,
            "1_zip": 0.0060079097747802734,
            "2_aggregate_override": 0.020657777786254883,
            "3_chunk": 1.5522277355194092,
            "4_select": 0.007594108581542969,
            "5_unroll": 0.011200428009033203,
            "6_rename": 0.011793851852416992,
            "7_genid": 0.05381417274475098,
            "8_unzip": 0.01278233528137207,
            "9_copy": 0.011686325073242188,
            "10_filter": 0.04642605781555176
        }
    }
}