{
    "total_runtime": 742.94349360466,
    "num_documents": 454,
    "input_load_time": 0,
    "workflows": {
        "create_base_text_units": {
            "overall": 0.5639514923095703,
            "0_orderby": 0.003892660140991211,
            "1_zip": 0.004731655120849609,
            "2_aggregate_override": 0.014432191848754883,
            "3_chunk": 0.4522056579589844,
            "4_select": 0.004932880401611328,
            "5_unroll": 0.006872653961181641,
            "6_rename": 0.0052759647369384766,
            "7_genid": 0.022197723388671875,
            "8_unzip": 0.006615638732910156,
            "9_copy": 0.0058116912841796875,
            "10_filter": 0.033655643463134766
        },
        "create_base_extracted_entities": {
            "overall": 741.5527482032776,
            "0_entity_extract": 740.7837619781494,
            "1_snapshot": 0.06683588027954102,
            "2_merge_graphs": 0.6804437637329102,
            "3_snapshot_rows": 0.010046958923339844
        }
    }
}