{
    "total_runtime": 3.1435933113098145,
    "num_documents": 454,
    "input_load_time": 0,
    "workflows": {
        "create_base_text_units": {
            "overall": 2.768467664718628,
            "0_orderby": 0.0040607452392578125,
            "1_zip": 0.009992361068725586,
            "2_aggregate_override": 0.01395273208618164,
            "3_chunk": 2.644181251525879,
            "4_select": 0.008896112442016602,
            "5_unroll": 0.007028102874755859,
            "6_rename": 0.005517244338989258,
            "7_genid": 0.023745298385620117,
            "8_unzip": 0.006990909576416016,
            "9_copy": 0.0062448978424072266,
            "10_filter": 0.03458261489868164
        }
    }
}