{
    "total_runtime": 147.11740612983704,
    "num_documents": 1,
    "input_load_time": 0,
    "workflows": {
        "create_base_text_units": {
            "overall": 1.290334939956665,
            "0_orderby": 0.004045248031616211,
            "1_zip": 0.004316806793212891,
            "2_aggregate_override": 0.007356882095336914,
            "3_chunk": 1.2103841304779053,
            "4_select": 0.0070226192474365234,
            "5_unroll": 0.007498025894165039,
            "6_rename": 0.005350589752197266,
            "7_genid": 0.006340742111206055,
            "8_unzip": 0.006646871566772461,
            "9_copy": 0.006201267242431641,
            "10_filter": 0.021619319915771484
        },
        "create_base_extracted_entities": {
            "overall": 128.47769594192505,
            "0_entity_extract": 128.4003963470459,
            "1_snapshot": 0.02187037467956543,
            "2_merge_graphs": 0.029151439666748047,
            "3_snapshot_rows": 0.019739866256713867
        },
        "create_summarized_entities": {
            "overall": 15.278446674346924,
            "0_summarize_descriptions": 15.245371341705322,
            "1_snapshot_rows": 0.01991891860961914
        },
        "create_base_entity_graph": {
            "overall": 0.10034537315368652,
            "0_cluster_graph": 0.0378718376159668,
            "1_snapshot_rows": 0.015374422073364258,
            "2_snapshot_rows": 0.015307426452636719,
            "3_select": 0.018491506576538086
        }
    }
}