{
    "total_runtime": 3.4493236541748047,
    "num_documents": 454,
    "input_load_time": 0,
    "workflows": {
        "create_base_text_units": {
            "overall": 3.036972999572754,
            "0_orderby": 0.0053331851959228516,
            "1_zip": 0.011715412139892578,
            "2_aggregate_override": 0.02282571792602539,
            "3_chunk": 2.8433837890625,
            "4_select": 0.012994766235351562,
            "5_unroll": 0.01112675666809082,
            "6_rename": 0.010647773742675781,
            "7_genid": 0.03488588333129883,
            "8_unzip": 0.014232158660888672,
            "9_copy": 0.010814666748046875,
            "10_filter": 0.054698944091796875
        }
    }
}