{
    "total_runtime": 43.3268928527832,
    "num_documents": 3806,
    "input_load_time": 0,
    "workflows": {
        "create_base_text_units": {
            "overall": 42.95474553108215,
            "0_orderby": 0.006058692932128906,
            "1_zip": 0.007006168365478516,
            "2_aggregate_override": 0.0447239875793457,
            "3_chunk": 38.19483208656311,
            "4_select": 0.005430459976196289,
            "5_unroll": 0.1103360652923584,
            "6_rename": 0.020506858825683594,
            "7_genid": 2.635972499847412,
            "8_unzip": 0.087249755859375,
            "9_copy": 0.009321928024291992,
            "10_filter": 1.8311431407928467
        }
    }
}